{
  "update": 1583829550369,
  "JPYINR": [
    0.71166,
    -0.016709983,
    -2.2941614,
    0.72837,
    0.71219,
    0.71115,
    0.71219
  ],
  "CNYGBP": [
    0.11014,
    0.0003900006,
    0.35535365,
    0.10975,
    0.10977,
    0.10977,
    0.11068
  ],
  "GBPUSD": [
    1.3065236,
    -0.0035258532,
    -0.26914335,
    1.3100494,
    1.3096033,
    1.3018291,
    1.3116475
  ],
  "EURUSD": [
    1.1388224,
    -0.007572174,
    -0.66051125,
    1.1463946,
    1.147052,
    1.1336583,
    1.147052
  ],
  "GBPJPY": [
    136.072,
    2.032013,
    1.5159751,
    134.04,
    134.03,
    133.688,
    137.084
  ],
  "CNYEUR": [
    0.12633,
    0.0006799996,
    0.5411855,
    0.12565,
    0.12567,
    0.12559,
    0.12718
  ],
  "CNYJPY": [
    14.974,
    0.27799988,
    1.8916704,
    14.696,
    14.681,
    14.681,
    15.116
  ],
  "KRWUSD": [
    0.0008377104,
    0.0000041895,
    0.50262623,
    0.0008335209,
    0.0008335278,
    0.0008327088,
    0.0008397715
  ],
  "USDKRW": [
    1193.73,
    -6,
    -0.50011254,
    1199.73,
    1199.72,
    1190.8,
    1200.9
  ],
  "JPYEUR": [
    0.008425,
    -0.0001077,
    -1.2622031,
    0.0085327,
    0.0085425,
    0.0083918,
    0.0085605
  ],
  "CNYUSD": [
    0.14403203,
    0.0000414848,
    0.028804317,
    0.14399055,
    0.14399055,
    0.14391802,
    0.14436682
  ],
  "VNDGBP": [
    0.0000323,
    0,
    0,
    0.0000323,
    0.0000325,
    0.0000323,
    0.0000325
  ],
  "USDGBP": [
    0.76539,
    0.0020599961,
    0.26986965,
    0.76333,
    0.76359,
    0.7624,
    0.76815
  ],
  "INREUR": [
    0.011831,
    0.0001150006,
    0.9815692,
    0.011716,
    0.011831,
    0.011831,
    0.011838
  ],
  "INRKRW": [
    16.097,
    -0.0069999695,
    -0.043467272,
    16.104,
    16.095,
    16.095,
    16.102
  ],
  "EURVND": [
    26582,
    0,
    0,
    26582,
    26422,
    26409,
    26666
  ],
  "JPYCNY": [
    0.06662,
    -0.0012599975,
    -1.8562132,
    0.06788,
    0.06795,
    0.066,
    0.06795
  ],
  "JPYVND": [
    226.72,
    0,
    0,
    226.72,
    222.56,
    222.56,
    228.74
  ],
  "CNYVND": [
    3343,
    0,
    0,
    3343,
    3350.9,
    3331.5,
    3352.9
  ],
  "USDTHB": [
    31.416,
    0.013000488,
    0.041398875,
    31.403,
    31.429,
    31.325,
    31.468
  ],
  "JPYAUD": [
    0.014599,
    -0.0002419995,
    -1.6306147,
    0.014841,
    0.014837,
    0.014522,
    0.014867
  ],
  "AUDKRW": [
    784.33,
    -5.9299927,
    -0.750385,
    790.26,
    790.73,
    780.75,
    793.41
  ],
  "KRWAUD": [
    0.00127,
    0.00001,
    0.7936476,
    0.00126,
    0.001259,
    0.001255,
    0.001275
  ],
  "KRWTHB": [
    0.026311,
    0.0001000017,
    0.38152568,
    0.026211,
    0.026211,
    0.026186,
    0.026363
  ],
  "EURGBP": [
    0.87098,
    -0.0033199787,
    -0.37972992,
    0.8743,
    0.8745,
    0.86852,
    0.8746
  ],
  "USDVND": [
    23080,
    -115,
    -0.4957965,
    23195,
    23080,
    23080,
    23080
  ],
  "EURCNY": [
    7.9072,
    -0.037800312,
    -0.47577485,
    7.945,
    7.9366,
    7.8579,
    7.9581
  ],
  "HKDCNY": [
    0.8936,
    0.0004000068,
    0.044783563,
    0.8932,
    0.8933,
    0.8909,
    0.894
  ],
  "KRWINR": [
    0.062099,
    0.0000269972,
    0.043493332,
    0.062072,
    0.062107,
    0.06208,
    0.062107
  ],
  "VNDEUR": [
    0.000037552,
    0,
    0,
    0.000037552,
    0.000037779,
    0.000037433,
    0.000037798
  ],
  "KRWEUR": [
    0.0007345,
    0.0000076,
    1.0455358,
    0.0007269,
    0.0007272,
    0.0007265,
    0.0007389
  ],
  "KRWJPY": [
    0.087185,
    0.0019910038,
    2.3370234,
    0.085194,
    0.085156,
    0.084948,
    0.087952
  ],
  "JPYGBP": [
    0.007342,
    -0.0001099999,
    -1.4761126,
    0.007452,
    0.007457,
    0.007296,
    0.007473
  ],
  "GBPTHB": [
    41.07507,
    -0.06467819,
    -0.15721582,
    41.139748,
    41.139748,
    40.857685,
    41.246
  ],
  "CHFCNY": [
    7.4718,
    -0.03750038,
    -0.49938583,
    7.5093,
    7.5038,
    7.3928,
    7.508
  ],
  "KRWCNY": [
    0.005811,
    0.0000319998,
    0.5537252,
    0.005779,
    0.005783,
    0.005781,
    0.005814
  ],
  "GBPVND": [
    30459.67,
    0,
    0,
    30459.67,
    30314.54,
    30314.54,
    30519.05
  ],
  "CHFEUR": [
    0.9445,
    0.0027000308,
    0.28668835,
    0.9418,
    0.9409,
    0.9391,
    0.9446
  ],
  "AUDJPY": [
    68.41,
    1.0610046,
    1.575383,
    67.349,
    67.361,
    67.213,
    68.885
  ],
  "CNYKRW": [
    171.93,
    -0.94400024,
    -0.5460626,
    172.874,
    172.78,
    171.835,
    172.832
  ],
  "JPYUSD": [
    0.009606056,
    -0.0001724605,
    -1.7636705,
    0.009778516,
    0.009778516,
    0.009521996,
    0.009804883
  ],
  "KRWRUB": [
    0.05527437,
    0.0000167713,
    0.03035104,
    0.0552576,
    0.0552576,
    0.05525522,
    0.05527437
  ],
  "TWDUSD": [
    0.03337895,
    0.0000133663,
    0.040058204,
    0.033365585,
    0.033557046,
    0.03327344,
    0.033557046
  ],
  "VNDJPY": [
    0.0044005,
    0,
    0,
    0.0044005,
    0.0044826,
    0.0043617003,
    0.0044826
  ],
  "CNYHKD": [
    1.118,
    -0.0003999472,
    -0.035760656,
    1.1184,
    1.1183,
    1.1175,
    1.1213
  ],
  "GBPKRW": [
    1557.85,
    -12.830078,
    -0.8168486,
    1570.68,
    1570.25,
    1550.29,
    1571.81
  ],
  "INRJPY": [
    1.4022,
    0.03219998,
    2.3503633,
    1.37,
    1.4011,
    1.4011,
    1.4032
  ],
  "AUDCNY": [
    4.5622,
    -0.01429987,
    -0.312463,
    4.5765,
    4.5807,
    4.5381,
    4.5924
  ],
  "GBPCNY": [
    9.074,
    -0.032299995,
    -0.35469944,
    9.1063,
    9.1044,
    9.0296,
    9.1047
  ],
  "USDINR": [
    74.146,
    -0.24399567,
    -0.32799528,
    74.39,
    74.164,
    74.146,
    74.164
  ],
  "TWDKRW": [
    39.854,
    -0.17699814,
    -0.4421527,
    40.031,
    39.939,
    39.753,
    40.29
  ],
  "GBPINR": [
    96.8533,
    -0.8136978,
    -0.8331348,
    97.667,
    96.8351,
    96.8069,
    96.8533
  ],
  "AUDGBP": [
    0.50265,
    0.00060004,
    0.11951798,
    0.50205,
    0.50209,
    0.5007,
    0.50533
  ],
  "INRGBP": [
    0.010315,
    0.0000860002,
    0.84074875,
    0.010229,
    0.010317,
    0.010315,
    0.01032
  ],
  "CNYINR": [
    10.6773,
    -0.03619957,
    -0.33788744,
    10.7135,
    10.6779,
    10.6748,
    10.681
  ],
  "EURKRW": [
    1359.2,
    -14.300049,
    -1.0411394,
    1373.5,
    1372.9,
    1351.2,
    1374.2
  ],
  "HKDJPY": [
    13.39922,
    0.24182034,
    1.8379036,
    13.1574,
    13.1576,
    13.12375,
    13.51114
  ],
  "VNDUSD": [
    0.0000433276,
    2.148e-7,
    0.4982669,
    0.0000431127,
    0.0000433276,
    0.0000433276,
    0.0000433276
  ],
  "THBUSD": [
    0.031830914,
    -0.0000131764,
    -0.041381744,
    0.03184409,
    0.031817745,
    0.031778313,
    0.031923383
  ],
  "EURTHB": [
    35.753,
    -0.23000336,
    -0.63920002,
    35.983,
    35.952,
    35.585,
    36.006
  ],
  "THBEUR": [
    0.02781,
    0.0001800004,
    0.6514674,
    0.02763,
    0.02765,
    0.02761,
    0.02794
  ],
  "USDJPY": [
    104.114,
    1.848999,
    1.8080467,
    102.265,
    102.265,
    101.99,
    105.02
  ],
  "USDAUD": [
    1.52144,
    0.0035300255,
    0.23255828,
    1.51791,
    1.5178,
    1.5114,
    1.52762
  ],
  "GBPEUR": [
    1.1479,
    0.003700018,
    0.32337161,
    1.1442,
    1.1433,
    1.1433,
    1.15073
  ],
  "CNYTHB": [
    4.5241,
    -0.0064001083,
    -0.14126715,
    4.5305,
    4.5291,
    4.5204,
    4.5362
  ],
  "GBPHKD": [
    10.148,
    -0.03600025,
    -0.35349815,
    10.184,
    10.182,
    10.116,
    10.191
  ],
  "KRWGBP": [
    0.000636,
    0.000005,
    0.79239905,
    0.000631,
    0.000631,
    0.00063,
    0.000639
  ],
  "MXNUSD": [
    0.04839236,
    0.0003839396,
    0.7997337,
    0.04800842,
    0.04800842,
    0.047648545,
    0.04928631
  ],